{
    "boundary": [
        {
            "start": [
                "0.464788732394366188582779386706533841788768768310546875",
                "0.7159624413145539989500321098603308200836181640625"
            ],
            "end": [
                "0.122065727699530446326292576486594043672084808349609375",
                "0.474178403755868449476196246905601583421230316162109375"
            ],
            "next": null,
            "hole": false,
            "visited": 0,
            "disk_start": null,
            "disk_end": null,
            "disks_start_end": [],
            "disks_end_start": []
        },
        {
            "start": [
                "0.122065727699530446326292576486594043672084808349609375",
                "0.474178403755868449476196246905601583421230316162109375"
            ],
            "end": [
                "0.7840375586854460010499678901396691799163818359375",
                "0.328638497652582073360605363632203079760074615478515625"
            ],
            "next": null,
            "hole": false,
            "visited": 0,
            "disk_start": null,
            "disk_end": null,
            "disks_start_end": [],
            "disks_end_start": []
        },
        {
            "start": [
                "0.7840375586854460010499678901396691799163818359375",
                "0.328638497652582073360605363632203079760074615478515625"
            ],
            "end": [
                "0.464788732394366188582779386706533841788768768310546875",
                "0.7159624413145539989500321098603308200836181640625"
            ],
            "next": null,
            "hole": false,
            "visited": 0,
            "disk_start": null,
            "disk_end": null,
            "disks_start_end": [],
            "disks_end_start": []
        }
    ],
    "holes": [
        [
            {
                "start": [
                    "0.363849765258215940288977208183496259152889251708984375",
                    "0.514084507042253502362427752814255654811859130859375"
                ],
                "end": [
                    "0.446009389671361444751340741277090273797512054443359375",
                    "0.58450704225352101417456651688553392887115478515625"
                ],
                "next": null,
                "hole": true,
                "visited": 0,
                "disk_start": null,
                "disk_end": null,
                "disks_start_end": [],
                "disks_end_start": []
            },
            {
                "start": [
                    "0.446009389671361444751340741277090273797512054443359375",
                    "0.58450704225352101417456651688553392887115478515625"
                ],
                "end": [
                    "0.453051643192488195932554617684218101203441619873046875",
                    "0.478873239436619690945207139520789496600627899169921875"
                ],
                "next": null,
                "hole": true,
                "visited": 0,
                "disk_start": null,
                "disk_end": null,
                "disks_start_end": [],
                "disks_end_start": []
            },
            {
                "start": [
                    "0.453051643192488195932554617684218101203441619873046875",
                    "0.478873239436619690945207139520789496600627899169921875"
                ],
                "end": [
                    "0.363849765258215940288977208183496259152889251708984375",
                    "0.514084507042253502362427752814255654811859130859375"
                ],
                "next": null,
                "hole": true,
                "visited": 0,
                "disk_start": null,
                "disk_end": null,
                "disks_start_end": [],
                "disks_end_start": []
            }
        ]
    ],
    "edges": [],
    "disks": [],
    "n": 6,
    "n_corner": 0,
    "n_triangles": 0,
    "n_disks": 0,
    "n_remainder": 0,
    "n_regions": 0
}