{
    "boundary": [
        {
            "start": [
                "11.338028169014084056698266067542135715484619140625",
                "18.19718309859155169760924763977527618408203125"
            ],
            "end": [
                "2.0985915492957740724477844196371734142303466796875",
                "15.9436619718309859905502889887429773807525634765625"
            ],
            "next": null,
            "hole": false,
            "visited": 0,
            "disk_start": null,
            "disk_end": null,
            "disks_start_end": [],
            "disks_end_start": []
        },
        {
            "start": [
                "2.0985915492957740724477844196371734142303466796875",
                "15.9436619718309859905502889887429773807525634765625"
            ],
            "end": [
                "1.49765258215962404619858716614544391632080078125",
                "3.0985915492957740724477844196371734142303466796875"
            ],
            "next": null,
            "hole": false,
            "visited": 0,
            "disk_start": null,
            "disk_end": null,
            "disks_start_end": [],
            "disks_end_start": []
        },
        {
            "start": [
                "1.49765258215962404619858716614544391632080078125",
                "3.0985915492957740724477844196371734142303466796875"
            ],
            "end": [
                "19.03755868544600815539524774067103862762451171875",
                "6.291079812206572086097366991452872753143310546875"
            ],
            "next": null,
            "hole": false,
            "visited": 0,
            "disk_start": null,
            "disk_end": null,
            "disks_start_end": [],
            "disks_end_start": []
        },
        {
            "start": [
                "19.03755868544600815539524774067103862762451171875",
                "6.291079812206572086097366991452872753143310546875"
            ],
            "end": [
                "11.338028169014084056698266067542135715484619140625",
                "18.19718309859155169760924763977527618408203125"
            ],
            "next": null,
            "hole": false,
            "visited": 0,
            "disk_start": null,
            "disk_end": null,
            "disks_start_end": [],
            "disks_end_start": []
        }
    ],
    "holes": [
        [
            {
                "start": [
                    "9.672095487673352402368989444454511700786638985836187913079495092644635066511572311775743246457595359",
                    "9.002612295711648296946765398881780593327422276651796286808947317342058158312863923989039722852109263"
                ],
                "end": [
                    "10.3615023474178400419987156055867671966552734375",
                    "11.2112676056338020913472064421512186527252197265625"
                ],
                "next": null,
                "hole": false,
                "visited": 0,
                "disk_start": null,
                "disk_end": null,
                "disks_start_end": [],
                "disks_end_start": []
            },
            {
                "start": [
                    "8.333333333333332149095440399833023548126220703125",
                    "4.7136150234741780451486192760057747364044189453125"
                ],
                "end": [
                    "9.672095487673352402368989444454511700786638985836187913079495092644635066511572311775743246457595359",
                    "9.002612295711648296946765398881780593327422276651796286808947317342058158312863923989039722852109263"
                ],
                "next": null,
                "hole": false,
                "visited": 0,
                "disk_start": null,
                "disk_end": null,
                "disks_start_end": [],
                "disks_end_start": []
            },
            {
                "start": [
                    "7.0563380281690140094497110112570226192474365234375",
                    "14.4413145539906100367488761548884212970733642578125"
                ],
                "end": [
                    "10.3615023474178400419987156055867671966552734375",
                    "14.2535211267605621543452798505313694477081298828125"
                ],
                "next": null,
                "hole": true,
                "visited": 0,
                "disk_start": null,
                "disk_end": null,
                "disks_start_end": [],
                "disks_end_start": []
            },
            {
                "start": [
                    "4.95305164319248802939910092391073703765869140625",
                    "10.3474178403755860955470780027098953723907470703125"
                ],
                "end": [
                    "7.0563380281690140094497110112570226192474365234375",
                    "14.4413145539906100367488761548884212970733642578125"
                ],
                "next": null,
                "hole": true,
                "visited": 0,
                "disk_start": null,
                "disk_end": null,
                "disks_start_end": [],
                "disks_end_start": []
            },
            {
                "start": [
                    "4.905956112852664459334152658967995061624896787044125529415672361372292534512710638088298961137180587",
                    "10.31445096913770961877568116897719421942098324902001751845628151925988903734579856890726545489541574"
                ],
                "end": [
                    "4.95305164319248802939910092391073703765869140625",
                    "10.3474178403755860955470780027098953723907470703125"
                ],
                "next": null,
                "hole": false,
                "visited": 0,
                "disk_start": null,
                "disk_end": null,
                "disks_start_end": [],
                "disks_end_start": []
            },
            {
                "start": [
                    "3.0751173708920180871473348815925419330596923828125",
                    "9.0328638497652580241492614732123911380767822265625"
                ],
                "end": [
                    "4.905956112852664459334152658967995061624896787044125529415672361372292534512710638088298961137180587",
                    "10.31445096913770961877568116897719421942098324902001751845628151925988903734579856890726545489541574"
                ],
                "next": null,
                "hole": false,
                "visited": 0,
                "disk_start": null,
                "disk_end": null,
                "disks_start_end": [],
                "disks_end_start": []
            },
            {
                "start": [
                    "3.7136150234741780451486192760057747364044189453125",
                    "12.2629107981220659695509311859495937824249267578125"
                ],
                "end": [
                    "4.905956112852664459334152658967995061624896787044125529415672361372292534512710638088298961137180587",
                    "10.31445096913770961877568116897719421942098324902001751845628151925988903734579856890726545489541574"
                ],
                "next": null,
                "hole": false,
                "visited": 0,
                "disk_start": null,
                "disk_end": null,
                "disks_start_end": [],
                "disks_end_start": []
            },
            {
                "start": [
                    "4.905956112852664459334152658967995061624896787044125529415672361372292534512710638088298961137180587",
                    "10.31445096913770961877568116897719421942098324902001751845628151925988903734579856890726545489541574"
                ],
                "end": [
                    "8.333333333333332149095440399833023548126220703125",
                    "4.7136150234741780451486192760057747364044189453125"
                ],
                "next": null,