{
    "boundary": [
        {
            "start": [
                "74.7183098591549281763946055434644222259521484375",
                "26.00938967136149670977829373441636562347412109375"
            ],
            "end": [
                "74.1549295774647845291838166303932666778564453125",
                "74.08450704225350591514143161475658416748046875"
            ],
            "next": null,
            "hole": false,
            "visited": 0,
            "disk_start": null,
            "disk_end": null,
            "disks_start_end": [],
            "disks_end_start": []
        },
        {
            "start": [
                "74.1549295774647845291838166303932666778564453125",
                "74.08450704225350591514143161475658416748046875"
            ],
            "end": [
                "37.347417840375584319190238602459430694580078125",
                "31.07981220657276111296596354804933071136474609375"
            ],
            "next": null,
            "hole": false,
            "visited": 0,
            "disk_start": null,
            "disk_end": null,
            "disks_start_end": [],
            "disks_end_start": []
        },
        {
            "start": [
                "37.347417840375584319190238602459430694580078125",
                "31.07981220657276111296596354804933071136474609375"
            ],
            "end": [
                "74.7183098591549281763946055434644222259521484375",
                "26.00938967136149670977829373441636562347412109375"
            ],
            "next": null,
            "hole": false,
            "visited": 0,
            "disk_start": null,
            "disk_end": null,
            "disks_start_end": [],
            "disks_end_start": []
        }
    ],
    "holes": [
        [
            {
                "start": [
                    "59.41609003615186498806430154317199021375085674747747858854663146668419420177828390789224544336452805",
                    "44.96442067036363177927425019259056366212159721984697397021522670092996603375563510620784253235135042"
                ],
                "end": [
                    "62.5117370892018726635797065682709217071533203125",
                    "50.4225352112676006299807340838015079498291015625"
                ],
                "next": null,
                "hole": false,
                "visited": 0,
                "disk_start": null,
                "disk_end": null,
                "disks_start_end": [],
                "disks_end_start": []
            },
            {
                "start": [
                    "55.37558685446009576480719260871410369873046875",
                    "37.8403755868544493523586424998939037322998046875"
                ],
                "end": [
                    "59.41609003615186498806430154317199021375085674747747858854663146668419420177828390789224544336452805",
                    "44.96442067036363177927425019259056366212159721984697397021522670092996603375563510620784253235135042"
                ],
                "next": null,
                "hole": false,
                "visited": 0,
                "disk_start": null,
                "disk_end": null,
                "disks_start_end": [],
                "disks_end_start": []
            },
            {
                "start": [
                    "67.0187793427229934195565874688327312469482421875",
                    "51.24882629107981041930283286741415413409755312782372348498045099349286765543898744982363272682086334"
                ],
                "end": [
                    "67.0187793427229934195565874688327312469482421875",
                    "53.239436619718304655179963447153568267822265625"
                ],
                "next": null,
                "hole": false,
                "visited": 0,
                "disk_start": null,
                "disk_end": null,
                "disks_start_end": [],
                "disks_end_start": []
            },
            {
                "start": [
                    "64.76525821596243304156814701855182647705078125",
                    "55.3051643192488171507648075930774211883544921875"
                ],
                "end": [
                    "67.0187793427229934195565874688327312469482421875",
                    "51.24882629107981041930283286741415413409755312782372348498045099349286765543898744982363272682086334"
                ],
                "next": null,
                "hole": false,
                "visited": 0,
                "disk_start": null,
                "disk_end": null,
                "disks_start_end": [],
                "disks_end_start": []
            },
            {
                "start": [
                    "67.0187793427229934195565874688327312469482421875",
                    "51.24882629107981041930283286741415413409755312782372348498045099349286765543898744982363272682086334"
                ],
                "end": [
                    "71.33802816901408050398458726704120635986328125",
                    "43.4741784037558574027571012265980243682861328125"
                ],
                "next": null,
                "hole": false,
                "visited": 0,
                "disk_start": null,
                "disk_end": null,
                "disks_start_end": [],
                "disks_end_start": []
            },
            {
                "start": [
                    "67.0187793427229934195565874688327312469482421875",
                    "37.27699530516431281057521118782460689544677734375"
                ],
                "end": [
                    "67.0187793427229934195565874688327312469482421875",
                    "44.0140845070422423597604351512414232194869597595834755457693260956015211402305534352291052912253136"
                ],
                "next": null,
                "hole": false,
                "visited": 0,
                "disk_start": null,
                "disk_end": null,
                "disks_start_end": [],
                "disks_end_start": []
            },
            {
                "start": [
                    "67.0187793427229934195565874688327312469482421875",
                    "44.0140845070422423597604351512414232194869597595834755457693260956015211402305534352291052912253136"
                ],
                "end": [
                    "67.0187793427229934195565874688327312469482421875",
                    "51.24882629107981041930283286741415413409755312782372348498045099349286765543898744982363272682086334"
                ],
                "next": null,
                "hole": false,
                "visited": 0,
                "disk_start": null,
                "disk_end": null,
                "disks_start_end": [],
                "disks_end_start": []
            },
            {
                "start": [
                    "71.33802816901408050398458726704120635986328125",
                    "43.4741784037558574027571012265980243682861328125"
                ],
                "end": [
                    "67.0187793427229934195565874688327312469482421875",
                    "44.0140845070422423597604351512414232194869597595834755457693260956015211402305534352291052912253136"
                ],
                "next": null,
                "hole": false,
                "visited": 0,
                "disk_start": null,
                "disk_end": null,
                "disks_start_end": [],
                "disks_end_start": []
            },
            {
                "start": [
                    "59.882629107981216520784073509275913238525390625",
                    "30.89201877934271323056236724369227886199951171875"
                ],