{
    "boundary": [
        {
            "start": [
                "85.4225352112676006299807340838015079498291015625",
                "11.92488262910797658378214691765606403350830078125"
            ],
            "end": [
                "86.5492957746478879244023119099438190460205078125",
                "72.2065727699530413019601837731897830963134765625"
            ],
            "next": null,
            "hole": false,
            "visited": 0,
            "disk_start": null,
            "disk_end": null,
            "disks_start_end": [],
            "disks_end_start": []
        },
        {
            "start": [
                "86.5492957746478879244023119099438190460205078125",
                "72.2065727699530413019601837731897830963134765625"
            ],
            "end": [
                "27.018779342722996972270266269333660602569580078125",
                "87.9812206572769781587339821271598339080810546875"
            ],
            "next": null,
            "hole": false,
            "visited": 0,
            "disk_start": null,
            "disk_end": null,
            "disks_start_end": [],
            "disks_end_start": []
        },
        {
            "start": [
                "27.018779342722996972270266269333660602569580078125",
                "87.9812206572769781587339821271598339080810546875"
            ],
            "end": [
                "13.685446009389668375888504670001566410064697265625",
                "14.17840375586853696177058736793696880340576171875"
            ],
            "next": null,
            "hole": false,
            "visited": 0,
            "disk_start": null,
            "disk_end": null,
            "disks_start_end": [],
            "disks_end_start": []
        },
        {
            "start": [
                "13.685446009389668375888504670001566410064697265625",
                "14.17840375586853696177058736793696880340576171875"
            ],
            "end": [
                "85.4225352112676006299807340838015079498291015625",
                "11.92488262910797658378214691765606403350830078125"
            ],
            "next": null,
            "hole": false,
            "visited": 0,
            "disk_start": null,
            "disk_end": null,
            "disks_start_end": [],
            "disks_end_start": []
        }
    ],
    "holes": [
        [
            {
                "start": [
                    "39.0375586854460010499678901396691799163818359375",
                    "42.9107981220657137555463123135268688201904296875"
                ],
                "end": [
                    "39.0375586854460010499678901396691799163818359375",
                    "29.577464788732385159164550714194774627685546875"
                ],
                "next": null,
                "hole": false,
                "visited": 0,
                "disk_start": null,
                "disk_end": null,
                "disks_start_end": [],
                "disks_end_start": []
            },
            {
                "start": [
                    "39.0375586854460010499678901396691799163818359375",
                    "60.3755868544600815539524774067103862762451171875"
                ],
                "end": [
                    "39.0375586854460010499678901396691799163818359375",
                    "42.9107981220657137555463123135268688201904296875"
                ],
                "next": null,
                "hole": false,
                "visited": 0,
                "disk_start": null,
                "disk_end": null,
                "disks_start_end": [],
                "disks_end_start": []
            },
            {
                "start": [
                    "66.079812206572768218393321149051189422607421875",
                    "42.9107981220657137555463123135268688201904296875"
                ],
                "end": [
                    "39.0375586854460010499678901396691799163818359375",
                    "42.9107981220657137555463123135268688201904296875"
                ],
                "next": null,
                "hole": true,
                "visited": 0,
                "disk_start": null,
                "disk_end": null,
                "disks_start_end": [],
                "disks_end_start": []
            },
            {
                "start": [
                    "39.0375586854460010499678901396691799163818359375",
                    "42.9107981220657137555463123135268688201904296875"
                ],
                "end": [
                    "24.389671361502340829474633210338652133941650390625",
                    "27.5117370892018726635797065682709217071533203125"
                ],
                "next": null,
                "hole": true,
                "visited": 0,
                "disk_start": null,
                "disk_end": null,
                "disks_start_end": [],
                "disks_end_start": []
            },
            {
                "start": [
                    "24.389671361502340829474633210338652133941650390625",
                    "27.5117370892018726635797065682709217071533203125"
                ],
                "end": [
                    "36.971830985915488554383045993745326995849609375",
                    "18.685446009389664823174825869500637054443359375"
                ],
                "next": null,
                "hole": true,
                "visited": 0,
                "disk_start": null,
                "disk_end": null,
                "disks_start_end": [],
                "disks_end_start": []
            },
            {
                "start": [
                    "36.971830985915488554383045993745326995849609375",
                    "18.685446009389664823174825869500637054443359375"
                ],
                "end": [
                    "61.5727699530516332515617250464856624603271484375",
                    "22.81690140845069691977187176235020160675048828125"
                ],
                "next": null,
                "hole": true,
                "visited": 0,
                "disk_start": null,
                "disk_end": null,
                "disks_start_end": [],
                "disks_end_start": []
            },
            {
                "start": [
                    "61.5727699530516332515617250464856624603271484375",
                    "22.81690140845069691977187176235020160675048828125"
                ],
                "end": [
                    "60.8215962441314559328020550310611724853515625",
                    "42.7230046948356658731427160091698169708251953125"
                ],
                "next": null,
                "hole": true,
                "visited": 0,
                "disk_start": null,
                "disk_end": null,
                "disks_start_end": [],
                "disks_end_start": []
            }
        ]
    ],
    "edges": [],
    "disks": [],
    "n": 11,
    "n_corner_edge": 0,
    "n_triangles": 0,
    "n_disks": 0,
    "n_remainder": 0,
    "n_regions": 0
}