{
    "boundary": [
        {
            "start": [
                "3.37558685446009310027193350833840668201446533203125",
                "18.009389671361503815205651335418224334716796875"
            ],
            "end": [
                "2.13615023474178311602145186043344438076019287109375",
                "3.02347417840375509712202983791939914226531982421875"
            ],
            "next": null,
            "hole": false,
            "visited": 0,
            "disk_start": null,
            "disk_end": null,
            "disks_start_end": [],
            "disks_end_start": []
        },
        {
            "start": [
                "2.13615023474178311602145186043344438076019287109375",
                "3.02347417840375509712202983791939914226531982421875"
            ],
            "end": [
                "17.30985915492957616379499086178839206695556640625",
                "2.0845070422535201259961468167603015899658203125"
            ],
            "next": null,
            "hole": false,
            "visited": 0,
            "disk_start": null,
            "disk_end": null,
            "disks_start_end": [],
            "disks_end_start": []
        },
        {
            "start": [
                "17.30985915492957616379499086178839206695556640625",
                "2.0845070422535201259961468167603015899658203125"
            ],
            "end": [
                "16.633802816901408050398458726704120635986328125",
                "16.920187793427231781606678850948810577392578125"
            ],
            "next": null,
            "hole": false,
            "visited": 0,
            "disk_start": null,
            "disk_end": null,
            "disks_start_end": [],
            "disks_end_start": []
        },
        {
            "start": [
                "16.633802816901408050398458726704120635986328125",
                "16.920187793427231781606678850948810577392578125"
            ],
            "end": [
                "3.37558685446009310027193350833840668201446533203125",
                "18.009389671361503815205651335418224334716796875"
            ],
            "next": null,
            "hole": false,
            "visited": 0,
            "disk_start": null,
            "disk_end": null,
            "disks_start_end": [],
            "disks_end_start": []
        }
    ],
    "holes": [
        [
            {
                "start": [
                    "6.49295774647887213859576149843633174896240234375",
                    "13.0892018779342702572421330842189490795135498046875"
                ],
                "end": [
                    "9.798122065727699947501605493016541004180908203125",
                    "14.5164319248826299002530504367314279079437255859375"
                ],
                "next": null,
                "hole": true,
                "visited": 0,
                "disk_start": null,
                "disk_end": null,
                "disks_start_end": [],
                "disks_end_start": []
            },
            {
                "start": [
                    "9.798122065727699947501605493016541004180908203125",
                    "14.5164319248826299002530504367314279079437255859375"
                ],
                "end": [
                    "10.5492957746478861480454725096933543682098388671875",
                    "12.6009389671361500262491972534917294979095458984375"
                ],
                "next": null,
                "hole": true,
                "visited": 0,
                "disk_start": null,
                "disk_end": null,
                "disks_start_end": [],
                "disks_end_start": []
            },
            {
                "start": [
                    "10.5492957746478861480454725096933543682098388671875",
                    "12.6009389671361500262491972534917294979095458984375"
                ],
                "end": [
                    "6.49295774647887213859576149843633174896240234375",
                    "13.0892018779342702572421330842189490795135498046875"
                ],
                "next": null,
                "hole": true,
                "visited": 0,
                "disk_start": null,
                "disk_end": null,
                "disks_start_end": [],
                "disks_end_start": []
            }
        ],
        [
            {
                "start": [
                    "5.291079812206572086097366991452872753143310546875",
                    "7.568075117370892002099935780279338359832763671875"
                ],
                "end": [
                    "7.5070422535211260850473991013132035732269287109375",
                    "8.431924882629107997900064219720661640167236328125"
                ],
                "next": null,
                "hole": true,
                "visited": 0,
                "disk_start": null,
                "disk_end": null,
                "disks_start_end": [],
                "disks_end_start": []
            },
            {
                "start": [
                    "7.5070422535211260850473991013132035732269287109375",
                    "8.431924882629107997900064219720661640167236328125"
                ],
                "end": [
                    "9.835680751173708102896853233687579631805419921875",
                    "5.427230046948356090297238552011549472808837890625"
                ],
                "next": null,
                "hole": true,
                "visited": 0,
                "disk_start": null,
                "disk_end": null,
                "disks_start_end": [],
                "disks_end_start": []
            },
            {
                "start": [
                    "9.835680751173708102896853233687579631805419921875",
                    "5.427230046948356090297238552011549472808837890625"
                ],
                "end": [
                    "5.741784037558684161695055081509053707122802734375",
                    "4.3755868544600939884503532084636390209197998046875"
                ],
                "next": null,
                "hole": true,
                "visited": 0,
                "disk_start": null,
                "disk_end": null,
                "disks_start_end": [],
                "disks_end_start": []
            },
            {
                "start": [
                    "5.741784037558684161695055081509053707122802734375",
                    "4.3755868544600939884503532084636390209197998046875"
                ],
                "end": [
                    "5.291079812206572086097366991452872753143310546875",
                    "7.568075117370892002099935780279338359832763671875"
                ],
                "next": null,
                "hole": true,
                "visited": 0,
                "disk_start": null,
                "disk_end": null,
                "disks_start_end": [],
                "disks_end_start": []
            }
        ],
        [
            {
                "start": [
                    "11.525821596244131939101862371899187564849853515625",
                    "9.8215962441314541564452156308107078075408935546875"
                ],
                "end": [
                    "13.4413145539906082603920367546379566192626953125",
                    "11.8497652582159620493484908365644514560699462890625"
                ],
                "next": null,
                "hole": true,
                "visited": 0,
                "disk_start": null,
                "disk_end": null,
                "disks_start_end": [],
                "disks_end_start": []
            },
            {
                "start": [
                    "13.4413145539906082603920367546379566192626953125",
                    "11.8497652582159620493484908365644514560699462890625"
                ],