{
    "boundary": [
        {
            "start": [
                "18.96244131455399184460475225932896137237548828125",
                "1.2582159624413140619481055182404816150665283203125"
            ],
            "end": [
                "18.211267605633803867704045842401683330535888671875",
                "18.384976525821599580012843944132328033447265625"
            ],
            "next": null,
            "hole": false,
            "visited": 0,
            "disk_start": null,
            "disk_end": null,
            "disks_start_end": [],
            "disks_end_start": []
        },
        {
            "start": [
                "18.211267605633803867704045842401683330535888671875",
                "18.384976525821599580012843944132328033447265625"
            ],
            "end": [
                "1.15962441314553910132190139847807586193084716796875",
                "18.57276995305164035698908264748752117156982421875"
            ],
            "next": null,
            "hole": false,
            "visited": 0,
            "disk_start": null,
            "disk_end": null,
            "disks_start_end": [],
            "disks_end_start": []
        },
        {
            "start": [
                "1.15962441314553910132190139847807586193084716796875",
                "18.57276995305164035698908264748752117156982421875"
            ],
            "end": [
                "1.19718309859154903307398853939957916736602783203125",
                "1.22065727699530413019601837731897830963134765625"
            ],
            "next": null,
            "hole": false,
            "visited": 0,
            "disk_start": null,
            "disk_end": null,
            "disks_start_end": [],
            "disks_end_start": []
        },
        {
            "start": [
                "1.19718309859154903307398853939957916736602783203125",
                "1.22065727699530413019601837731897830963134765625"
            ],
            "end": [
                "18.96244131455399184460475225932896137237548828125",
                "1.2582159624413140619481055182404816150665283203125"
            ],
            "next": null,
            "hole": false,
            "visited": 0,
            "disk_start": null,
            "disk_end": null,
            "disks_start_end": [],
            "disks_end_start": []
        }
    ],
    "holes": [
        [
            {
                "start": [
                    "10.661971830985915943301733932457864284515380859375",
                    "8.9201877934272300052498394506983458995819091796875"
                ],
                "end": [
                    "14.49295774647887213859576149843633174896240234375",
                    "15.0798122065727699947501605493016541004180908203125"
                ],
                "next": null,
                "hole": true,
                "visited": 0,
                "disk_start": null,
                "disk_end": null,
                "disks_start_end": [],
                "disks_end_start": []
            },
            {
                "start": [
                    "14.49295774647887213859576149843633174896240234375",
                    "15.0798122065727699947501605493016541004180908203125"
                ],
                "end": [
                    "5.59154929577464798740038531832396984100341796875",
                    "13.6901408450704220598481697379611432552337646484375"
                ],
                "next": null,
                "hole": true,
                "visited": 0,
                "disk_start": null,
                "disk_end": null,
                "disks_start_end": [],
                "disks_end_start": []
            },
            {
                "start": [
                    "5.59154929577464798740038531832396984100341796875",
                    "13.6901408450704220598481697379611432552337646484375"
                ],
                "end": [
                    "10.661971830985915943301733932457864284515380859375",
                    "8.9201877934272300052498394506983458995819091796875"
                ],
                "next": null,
                "hole": true,
                "visited": 0,
                "disk_start": null,
                "disk_end": null,
                "disks_start_end": [],
                "disks_end_start": []
            }
        ],
        [
            {
                "start": [
                    "4.1643192488262901207463073660619556903839111328125",
                    "6.3286384976525820178494541323743760585784912109375"
                ],
                "end": [
                    "11.525821596244131939101862371899187564849853515625",
                    "4.8262910798122060640480412985198199748992919921875"
                ],
                "next": null,
                "hole": true,
                "visited": 0,
                "disk_start": null,
                "disk_end": null,
                "disks_start_end": [],
                "disks_end_start": []
            }
        ],
        [
            {
                "point": [
                    "15.619718309859155880303660524077713489532470703125",
                    "7.793427230046948039898779825307428836822509765625"
                ],
                "hole": false,
                "visited": 0,
                "disk": null
            }
        ]
    ],
    "edges": [],
    "disks": [],
    "n": 9,
    "n_corner_edge": 0,
    "n_triangles": 0,
    "n_disks": 0,
    "n_remainder": 0,
    "n_regions": 0
}