{
    "boundary": [
        {
            "start": [
                76.2206572769953,
                73.33333333333333
            ],
            "end": [
                49.74178403755869,
                72.58215962441314
            ],
            "next": null,
            "hole": false
        },
        {
            "start": [
                49.74178403755869,
                72.58215962441314
            ],
            "end": [
                49.74178403755869,
                56.431924882629104
            ],
            "next": null,
            "hole": false
        },
        {
            "start": [
                49.74178403755869,
                56.431924882629104
            ],
            "end": [
                76.97183098591549,
                57.18309859154928
            ],
            "next": null,
            "hole": false
        },
        {
            "start": [
                76.97183098591549,
                57.18309859154928
            ],
            "end": [
                76.2206572769953,
                73.33333333333333
            ],
            "next": null,
            "hole": false
        }
    ],
    "holes": [],
    "edges": [],
    "disks": [],
    "n": 4,
    "n_corner": 0,
    "n_triangles": 0,
    "n_disks": 0,
    "n_remainder": 0,
    "n_regions": 0
}