{
    "boundary": [
        {
            "start": [
                4.448051948051947,
                13.733766233766232
            ],
            "end": [
                1.7532467532467528,
                5.811688311688312
            ],
            "next": null
        },
        {
            "start": [
                1.7532467532467528,
                5.811688311688312
            ],
            "end": [
                9.707792207792206,
                5.714285714285714
            ],
            "next": null
        },
        {
            "start": [
                9.707792207792206,
                5.714285714285714
            ],
            "end": [
                11.2987012987013,
                9.415584415584416
            ],
            "next": null
        },
        {
            "start": [
                11.2987012987013,
                9.415584415584416
            ],
            "end": [
                4.448051948051947,
                13.733766233766232
            ],
            "next": null
        }
    ],
    "holes": [],
    "edges": [],
    "disks": []
}